INSERT INTO PUBLISHER (ID, NAME) VALUES (1, 'APress');
INSERT INTO PUBLISHER (ID, NAME) VALUES (2, 'Manning');
INSERT INTO PUBLISHER (ID, NAME) VALUES (3, 'O Reilly');
INSERT INTO PUBLISHER (ID, NAME) VALUES (4, 'Addison-Wesley');
INSERT INTO PUBLISHER (ID, NAME) VALUES (5, 'John Wiley');
INSERT INTO PUBLISHER (ID, NAME) VALUES (6, 'MIT Press');
INSERT INTO PUBLISHER (ID, NAME) VALUES (7, 'Packt');
INSERT INTO PUBLISHER (ID, NAME) VALUES (8, 'The Pragmatic Programmer');
INSERT INTO PUBLISHER (ID, NAME) VALUES (9, 'Prentice Hall');
INSERT INTO PUBLISHER (ID, NAME) VALUES (10, 'Wrox Press');

INSERT INTO AUTHOR (ID, FIRST_NAME, LAST_NAME, PREFERRED_LANGUAGE, DATE_OF_BIRTH, BIO) VALUES (1, 'Antonio', 'Goncalves', 1, '1971-05-29', 'Antonio is a senior developer specialized in Java/Java EE. As a consultant he advises customers and helps them in defining and developing their software architecture. This Java Champion is also the founder of the very successful Paris JUG, Devoxx Franc...');
INSERT INTO AUTHOR (ID, FIRST_NAME, LAST_NAME, PREFERRED_LANGUAGE, DATE_OF_BIRTH, BIO) VALUES (2, 'Nigel', 'Deakin', 0, '1972-04-19', 'Nigel Deakin is specification lead for JMS 2.0 (JSR 343) and a principal member of technical staff at Oracle.');
INSERT INTO AUTHOR (ID, FIRST_NAME, LAST_NAME, PREFERRED_LANGUAGE, DATE_OF_BIRTH, BIO) VALUES (3, 'Kinman', 'Chung', 5, '1973-03-09', 'Spec lead for JSR 341, EL 3.0. Formerly a Tomcat committer. Currently a developer in Glassfish, working on web container, JSP and EL.');
INSERT INTO AUTHOR (ID, FIRST_NAME, LAST_NAME, PREFERRED_LANGUAGE, DATE_OF_BIRTH)      VALUES (4, 'Linda', 'Demichiel', 0, '1969-10-23');
INSERT INTO AUTHOR (ID, FIRST_NAME, LAST_NAME, PREFERRED_LANGUAGE, DATE_OF_BIRTH, BIO) VALUES (5, 'Arun', 'Gupta', 6, '1969-10-23', 'Arun Gupta is a Java evangelist working at Oracle. He works to create and foster the community around Java EE, GlassFish, and WebLogic. He has been with the Java EE team since its inception and contributed to all releases. Arun has extensive world wide...');
INSERT INTO AUTHOR (ID, FIRST_NAME, LAST_NAME, PREFERRED_LANGUAGE, BIO)                VALUES (6, 'Lincoln', 'Baxter III', 0, 'Lincoln Baxter, III is a Research Engineer at Red Hat, working on JBoss open-source projects; most notably as project lead for JBoss Forge.');
INSERT INTO AUTHOR (ID, FIRST_NAME, LAST_NAME, PREFERRED_LANGUAGE, DATE_OF_BIRTH, BIO) VALUES (7, 'Ed', 'Burns', 0, '1971-10-14', 'Ed Burns is a Senior Staff Engineer for Oracle Corporation where he chairs the JSR 344 (JSF 2.2) Expert Group and contributes to the open source Mojarra project. He is the author of two books published by McGraw-Hill: Secrets of the Rock Star Programme...');
INSERT INTO AUTHOR (ID, FIRST_NAME, LAST_NAME, PREFERRED_LANGUAGE, DATE_OF_BIRTH, BIO) VALUES (8, 'Roger', 'Kitain', 0, '1974-08-08', 'Roger Kitain is an Engineer at Oracle Corporation where he spent the last 15 years working with web technologies. He started working on JavaServer Faces in 2001 as a member of the implementation team and has co-led the specification for JSF since 1.1, ...');
INSERT INTO AUTHOR (ID, FIRST_NAME, LAST_NAME, PREFERRED_LANGUAGE, DATE_OF_BIRTH, BIO) VALUES (9, 'Adam', 'Bien', 7, '1971-07-07', 'Consultant and author Adam Bien is an Expert Group member for the Java EE 6 / 7, EJB 3.X, JAX-RS and JPA 2.X JSRs. He has worked with Java technology since JDK 1.0 and with Servlets/EJB 1.0 and is now an architect and developer for Java SE and Java EE ...');
INSERT INTO AUTHOR (ID, FIRST_NAME, LAST_NAME, PREFERRED_LANGUAGE, DATE_OF_BIRTH, BIO) VALUES (10, 'Emmanuel', 'Bernard', 1, '1973-03-03', 'Emmanuel Bernard is data platform architect at JBoss by Red Hat where he oversees data projects of the Red Hat''s middleware and is member of the Hibernate team. Emmanuel has spent a few years in the retail industry as developer and architect where he ...');
INSERT INTO AUTHOR (ID, FIRST_NAME, LAST_NAME, PREFERRED_LANGUAGE, DATE_OF_BIRTH, BIO) VALUES (11, 'Jitendra', 'Kotamraju', 8, '1974-04-04', 'Jitendra Kotamraju is a software engineer at Oracle. He has been contributing to the many Java EE technologies and GlassFish projects for the last 8 years. He was the specification and implementation lead of JAX-WS 2.2. At present, he is the specificat...');
INSERT INTO AUTHOR (ID, FIRST_NAME, LAST_NAME, PREFERRED_LANGUAGE, DATE_OF_BIRTH, BIO) VALUES (12, 'Mike', 'Keith', 0, '1968-01-14', 'Mike Keith has been an enterprise, distributed systems and persistence expert for over 20 years. He is a Java and Enterprise Architect at Oracle and contributes to Java EE and many of the subspecifications that make up the enterprise Java portfolio. He...');
INSERT INTO AUTHOR (ID, FIRST_NAME, LAST_NAME, PREFERRED_LANGUAGE, DATE_OF_BIRTH, BIO) VALUES (13, 'Anthony', 'Lai', 0, '1969-06-24', 'Anthony Lai is a principal member of technical staff at Oracle. He is the specification lead for JSR 236 - Concurrency Utilities for Java EE 1.0, and was previously a member of the J2EE Connector Architecture 1.5 specification (JSR 112) expert group.');
INSERT INTO AUTHOR (ID, FIRST_NAME, LAST_NAME, PREFERRED_LANGUAGE, DATE_OF_BIRTH, BIO) VALUES (14, 'Fred', 'Rowe', 0, '1969-06-24', 'Fred is the WebSphere Architect for a number of Application Server components including those responsible for JEE managed concurrency, JCA (Java Connector Architecture), and database connectivity and connection management. Fred has worked at IBM for 10...');

INSERT INTO MUSICIAN (ID, FIRST_NAME, LAST_NAME, DATE_OF_BIRTH, PREFERRED_INSTRUMENT, BIO) VALUES (1, 'John', 'Lennon', '1940-10-09', 'Guitar', 'John Winston Ono Lennon, (born John Winston Lennon; 9 October 1940 – 8 December 1980) was an English musician, singer and songwriter who rose to worldwide fame as a founder member of the Beatles, the most commercially successful band in the history of popular music. With Paul McCartney, he formed a songwriting partnership that is one of the most celebrated of the 20th century');
INSERT INTO MUSICIAN (ID, FIRST_NAME, LAST_NAME, DATE_OF_BIRTH, PREFERRED_INSTRUMENT, BIO) VALUES (2, 'Paul', 'McCartney', '1942-06-10', 'Bass', 'Sir James Paul McCartney, (born 18 June 1942) is an English musician, singer, songwriter, multi-instrumentalist, and composer. With John Lennon, George Harrison and Ringo Starr, he gained worldwide fame as a member of the Beatles, widely regarded as one of the most popular and influential acts in the history of rock music; his songwriting partnership with Lennon is one of the most celebrated of the 20th century. After the band''s break-up, he pursued a solo career and later formed Wings with his first wife, Linda, and Denny Laine.');
INSERT INTO MUSICIAN (ID, FIRST_NAME, LAST_NAME, DATE_OF_BIRTH, PREFERRED_INSTRUMENT, BIO) VALUES (3, 'Ringo', 'Starr', '1940-07-07', 'Drums', 'Ringo Starr (born Richard Starkey; 7 July 1940) is an English musician, singer, songwriter and actor who gained worldwide fame as the drummer for the Beatles. On most of the band''s albums, he sang lead vocals for one song, including "With a Little Help from My Friends", "Yellow Submarine" and their cover of "Act Naturally". He also wrote the Beatles'' songs "Don''t Pass Me By" and "Octopus''s Garden", and is credited as a co-writer of others, such as "What Goes On" and "Flying"');
INSERT INTO MUSICIAN (ID, FIRST_NAME, LAST_NAME, DATE_OF_BIRTH, PREFERRED_INSTRUMENT, BIO) VALUES (4, 'George', 'Harrison', '1943-02-25', 'Guitar', 'George Harrison, (25 February 1943 – 29 November 2001) was an English musician, singer and songwriter who achieved international fame as the lead guitarist of the Beatles. Although John Lennon and Paul McCartney were the band''s primary songwriters, most of their albums included at least one Harrison composition, including "While My Guitar Gently Weeps", "Here Comes the Sun" and "Something", which became the Beatles'' second most-covered song.');
INSERT INTO MUSICIAN (ID, FIRST_NAME, LAST_NAME, DATE_OF_BIRTH, PREFERRED_INSTRUMENT, BIO) VALUES (5, 'Ronnie', 'Wood', '1947-07-01', 'Guitar', 'Ronald David "Ronnie" Wood (born 1 June 1947) is an English rock musician best known as a member of the Rolling Stones since 1975, as well as a former member of the Faces and the Jeff Beck Group.');
INSERT INTO MUSICIAN (ID, FIRST_NAME, LAST_NAME, DATE_OF_BIRTH, PREFERRED_INSTRUMENT, BIO) VALUES (6, 'Mick', 'Jagger', '1943-07-26', 'Voice', 'Sir Michael Philip "Mick" Jagger (born 26 July 1943) is an English musician, singer, songwriter and actor, best known as the lead vocalist and a founder member of the Rolling Stones.');
INSERT INTO MUSICIAN (ID, FIRST_NAME, LAST_NAME, DATE_OF_BIRTH, PREFERRED_INSTRUMENT, BIO) VALUES (7, 'Keith', 'Richards', '1943-12-18', 'Guitar', 'Keith Richards (born 18 December 1943) is an English musician, singer, songwriter and founding member of the English rock band the Rolling Stones. Rolling Stone magazine credited Richards for "rock''s greatest single body of riffs" on guitar and ranked him 4th on its list of 100 best guitarists.[1] Fourteen songs Richards wrote with the Rolling Stones'' lead vocalist Mick Jagger are listed among Rolling Stone magazine''s "500 Greatest Songs of All Time".');
INSERT INTO MUSICIAN (ID, FIRST_NAME, LAST_NAME, DATE_OF_BIRTH, PREFERRED_INSTRUMENT, BIO) VALUES (8, 'Charlie', 'Watts', '1941-06-02', 'Drums', 'Charles Robert "Charlie" Watts (born 2 June 1941) is an English drummer, best known as a member of the Rolling Stones. He is also the leader of a jazz band,[1] a record producer, commercial artist, and horse breeder.');
INSERT INTO MUSICIAN (ID, FIRST_NAME, LAST_NAME, DATE_OF_BIRTH, PREFERRED_INSTRUMENT, BIO) VALUES (9, 'Nick', 'Mason', '1944-01-27', 'Drums', 'Nicholas Berkeley "Nick" Mason (born 27 January 1944) is an English drummer and composer, best known for his work with Pink Floyd. He is the only constant member of the band since its formation in 1965. Despite solely writing only a few Pink Floyd songs, Mason has co-written some of Pink Floyd''s most popular compositions such as "Echoes" and "Time"');
INSERT INTO MUSICIAN (ID, FIRST_NAME, LAST_NAME, DATE_OF_BIRTH, PREFERRED_INSTRUMENT, BIO) VALUES (10, 'Roger', 'Waters', '1943-09-06', 'Bass', 'George Roger Waters (born 6 September 1943) is an English musician, singer, songwriter and composer. In 1965, he co-founded the progressive rock band Pink Floyd with drummer Nick Mason, keyboardist Richard Wright and guitarist, singer and songwriter Syd Barrett. Waters initially served as the group''s bassist and co-lead vocalist, but following the departure of Barrett in 1968, he also became their lyricist and conceptual leader.');
INSERT INTO MUSICIAN (ID, FIRST_NAME, LAST_NAME, DATE_OF_BIRTH, PREFERRED_INSTRUMENT, BIO) VALUES (11, 'Richard', 'Wright', '1943-07-28', 'Keyboard', 'Richard William "Rick" Wright (28 July 1943 – 15 September 2008) was an English musician, singer and songwriter, best known for his career with Pink Floyd.[1] Wright''s richly textured keyboard layers were a vital ingredient and a distinctive characteristic of Pink Floyd''s sound. Wright frequently sang harmony and occasionally lead vocals on stage and in the studio with Pink Floyd (most notably on the songs "Time", "Echoes", "Wearing the Inside Out", "Astronomy Domine" and "Matilda Mother").');
INSERT INTO MUSICIAN (ID, FIRST_NAME, LAST_NAME, DATE_OF_BIRTH, PREFERRED_INSTRUMENT, BIO) VALUES (12, 'Syd', 'Barrett', '1946-01-06', 'Guitar', 'Roger Keith "Syd" Barrett (6 January 1946 – 7 July 2006) was an English musician, singer, songwriter, guitarist, and painter, best remembered as a founding member of the band Pink Floyd. He was the lead vocalist, guitarist, and principal songwriter during the band''s psychedelic years, providing major musical and stylistic direction in their early work. In addition, he is credited with naming the band. Barrett left the group in April 1968 and was briefly hospitalized amid speculation of mental illness exacerbated by drug use');
INSERT INTO MUSICIAN (ID, FIRST_NAME, LAST_NAME, DATE_OF_BIRTH, PREFERRED_INSTRUMENT, BIO) VALUES (13, 'David', 'Gilmour', '1946-03-06', 'Guitar', 'David Jon Gilmour, CBE (born 6 March 1946), is an English musician, singer, songwriter and multi-instrumentalist. He is best-known for his work as the guitarist and co-lead vocalist of the progressive rock band Pink Floyd. It is estimated that as of 2012, the group have sold over 250 million records worldwide, including 74.5 million units sold in the United States');

INSERT INTO ITEM (ID, DTYPE, TITLE, UNIT_COST, ISBN, LANGUAGE, NB_OF_PAGES, PUBLICATION_DATE, PUBLISHER_PK, DESCRIPTION) VALUES (1000, 'Book', 'Beginning Java EE 7', 49.99, '143024626X', 'ENGLISH', 608, '2014-02-05', 1, 'Java Enterprise Edition (Java EE) continues to be one of the leading Java technologies and platforms. Beginning Java EE 7 is the first tutorial book on Java EE 7. Step by step and easy to follow, this book describes many of the Java EE 7 specifications...');
INSERT INTO ITEM (ID, DTYPE, TITLE, UNIT_COST, ISBN, LANGUAGE, NB_OF_PAGES, PUBLICATION_DATE, PUBLISHER_PK, DESCRIPTION) VALUES (2000, 'Book', 'Java EE 7 Essentials', 39.99, '1449370179', 'ENGLISH', 362, '2014-02-05', 2, 'Get up to speed on the principal technologies in the Java Platform, Enterprise Edition 7, and learn how the latest version embraces HTML5, focuses on higher productivity, and provides functionality to meet enterprise demands. Written by Arun Gupta, a k...');
INSERT INTO ITEM (ID, DTYPE, TITLE, UNIT_COST, ISBN, LANGUAGE, NB_OF_PAGES, PUBLICATION_DATE, PUBLISHER_PK, DESCRIPTION) VALUES (3000, 'Book', 'Java EE 7 Recipes: A Problem-Solution Approach', 49.99, '1430244259', 'ENGLISH', 748, '2014-02-05', 3, 'Java EE 7 Recipes takes an example-based approach in showing how to program Enterprise Java applications in many different scenarios. Be it a small-business web application, or an enterprise database application, Java EE 7 Recipes provides effective an...');
INSERT INTO ITEM (ID, DTYPE, TITLE, UNIT_COST, ISBN, LANGUAGE, NB_OF_PAGES, PUBLICATION_DATE, PUBLISHER_PK, DESCRIPTION) VALUES (4000, 'Book', 'Introducing Java EE 7: A Look at What''s New', 29.99, '1430258489', 'ENGLISH', 240, '2014-02-05', 4, 'Introducing Java EE 7:  A Look at What’s New&lt;/em&gt; guides you through the new features and enhancements in each of the technologies comprising the Java EE platform.  Readers of this book will not have to wade through introductory material or infor...');
INSERT INTO ITEM (ID, DTYPE, TITLE, UNIT_COST, ISBN, LANGUAGE, NB_OF_PAGES, PUBLICATION_DATE, PUBLISHER_PK, DESCRIPTION) VALUES (5000, 'Book', 'Oracle Certified Master Java Enterprise Architect Java EE 7: Certification Guide', 49.99, '1430250011', 'ENGLISH', 700, '2014-02-05', 5, 'Oracle Certified Master, Java Enterprise Architect Java EE 7 Certification Guide is a practical hands on guide for those looking to achieve the Master certification. It deals with the different technological aspects necessary to prop up the understandi...');

INSERT INTO BOOK_AUTHOR (BOOK_FK, AUTHOR_FK) VALUES (1000, 1);
INSERT INTO BOOK_AUTHOR (BOOK_FK, AUTHOR_FK) VALUES (2000, 2);
INSERT INTO BOOK_AUTHOR (BOOK_FK, AUTHOR_FK) VALUES (2000, 3);
INSERT INTO BOOK_AUTHOR (BOOK_FK, AUTHOR_FK) VALUES (2000, 4);
-- TODO INSERT INTO BOOK_AUTHOR (BOOK_FK, AUTHOR_FK) VALUES (3000, 4);
-- TODO INSERT INTO BOOK_AUTHOR (BOOK_FK, AUTHOR_FK) VALUES (3000, 5);
INSERT INTO BOOK_AUTHOR (BOOK_FK, AUTHOR_FK) VALUES (4000, 5);
INSERT INTO BOOK_AUTHOR (BOOK_FK, AUTHOR_FK) VALUES (4000, 6);
INSERT INTO BOOK_AUTHOR (BOOK_FK, AUTHOR_FK) VALUES (4000, 7);
INSERT INTO BOOK_AUTHOR (BOOK_FK, AUTHOR_FK) VALUES (5000, 8);

INSERT INTO ITEM (ID, DTYPE, TITLE, UNIT_COST, GENRE, MUSIC_COMPANY, TOTAL_DURATION, DESCRIPTION) VALUES (100, 'CD', 'Let It Be', 12.99, 'Pop Rock', 'EMI', 123, 'Let It Be is the 12th and final studio album released by the English rock band the Beatles. It was released on 8 May 1970 by the band''s Apple Records label shortly after the group announced their break-up.');
INSERT INTO ITEM (ID, DTYPE, TITLE, UNIT_COST, GENRE, MUSIC_COMPANY, TOTAL_DURATION, DESCRIPTION) VALUES (101, 'CD', 'Abbey Road', 15.99, 'Pop Rock', 'Apple', 76, 'Abbey Road is the 11th studio album released by the English rock band the Beatles. It is their last recorded album, although Let It Be was the last album released before the band''s dissolution in 1970. Work on Abbey Road began in April 1969, and the album was released on 26 September 1969 in the United Kingdom, and 1 October 1969 in the United States.');
INSERT INTO ITEM (ID, DTYPE, TITLE, UNIT_COST, GENRE, MUSIC_COMPANY, TOTAL_DURATION, DESCRIPTION) VALUES (102, 'CD', 'Yellow Submarine', 15.99, 'Pop Rock', 'EMI', 64, 'Yellow Submarine is the tenth studio album by the Beatles in the United Kingdom, released on Apple Records. It was issued as the soundtrack to the film of the same name, which premiered in the United Kingdom seven months prior to the album''s release.');
INSERT INTO ITEM (ID, DTYPE, TITLE, UNIT_COST, GENRE, MUSIC_COMPANY, TOTAL_DURATION, DESCRIPTION) VALUES (103, 'CD', 'Magical Mystery Tour', 14.99, 'Pop Rock', 'Parlophone', 78, 'Magical Mystery Tour is a double EP and LP by the English rock group the Beatles, produced by George Martin, both including the six-song soundtrack to the 1967 film of the same name. The material was released in the United Kingdom on 8 December 1967 as a six-track double EP on the Parlophone label; in the United States the record, released on 27 November 1967, was an eleven-track LP compiled by Capitol Records, adding the band''s 1967 single releases. The EP was also released in Germany, France, Spain, Yugoslavia, Australia and Japan. [1] The first official release of the recordings in the UK as an eleven-track LP did not occur until 1976');
INSERT INTO ITEM (ID, DTYPE, TITLE, UNIT_COST, GENRE, MUSIC_COMPANY, TOTAL_DURATION, DESCRIPTION) VALUES (104, 'CD', 'Sgt. Pepper''s Lonely Hearts Club Band', 24.99, 'Pop Rock', 'Parlophone', 48, 'Sgt. Pepper''s Lonely Hearts Club Band (often shortened to Sgt. Pepper) is the eighth studio album by English rock band the Beatles. Released in June 1967, the album, which included songs such as "With a Little Help from My Friends", "Lucy in the Sky with Diamonds", and "A Day in the Life", now has over 30 million albums sold. Continuing the artistic maturation seen on the band''s album Revolver (1966), Sgt. Pepper further departed from the conventional pop rock idiom of the time and incorporated balladry, psychedelic, music hall, and symphonic influences');

INSERT INTO CD_MUSICIAN (CD_FK, MUSICIAN_FK) VALUES (100, 1);
INSERT INTO CD_MUSICIAN (CD_FK, MUSICIAN_FK) VALUES (100, 2);
INSERT INTO CD_MUSICIAN (CD_FK, MUSICIAN_FK) VALUES (100, 3);
INSERT INTO CD_MUSICIAN (CD_FK, MUSICIAN_FK) VALUES (100, 4);
INSERT INTO CD_MUSICIAN (CD_FK, MUSICIAN_FK) VALUES (101, 1);
INSERT INTO CD_MUSICIAN (CD_FK, MUSICIAN_FK) VALUES (101, 2);
INSERT INTO CD_MUSICIAN (CD_FK, MUSICIAN_FK) VALUES (101, 3);
INSERT INTO CD_MUSICIAN (CD_FK, MUSICIAN_FK) VALUES (101, 4);
INSERT INTO CD_MUSICIAN (CD_FK, MUSICIAN_FK) VALUES (102, 1);
INSERT INTO CD_MUSICIAN (CD_FK, MUSICIAN_FK) VALUES (102, 2);
INSERT INTO CD_MUSICIAN (CD_FK, MUSICIAN_FK) VALUES (102, 3);
INSERT INTO CD_MUSICIAN (CD_FK, MUSICIAN_FK) VALUES (102, 4);
INSERT INTO CD_MUSICIAN (CD_FK, MUSICIAN_FK) VALUES (103, 1);
INSERT INTO CD_MUSICIAN (CD_FK, MUSICIAN_FK) VALUES (103, 2);
INSERT INTO CD_MUSICIAN (CD_FK, MUSICIAN_FK) VALUES (103, 3);
INSERT INTO CD_MUSICIAN (CD_FK, MUSICIAN_FK) VALUES (103, 4);
INSERT INTO CD_MUSICIAN (CD_FK, MUSICIAN_FK) VALUES (104, 1);
INSERT INTO CD_MUSICIAN (CD_FK, MUSICIAN_FK) VALUES (104, 2);
INSERT INTO CD_MUSICIAN (CD_FK, MUSICIAN_FK) VALUES (104, 3);
INSERT INTO CD_MUSICIAN (CD_FK, MUSICIAN_FK) VALUES (104, 4);
INSERT INTO CD_MUSICIAN (CD_FK, MUSICIAN_FK) VALUES (104, 5);
INSERT INTO CD_MUSICIAN (CD_FK, MUSICIAN_FK) VALUES (104, 6);

INSERT INTO MUSICIAN_CD (MUSICIAN_FK, CD_FK) VALUES (1, 100);
INSERT INTO MUSICIAN_CD (MUSICIAN_FK, CD_FK) VALUES (2, 100);
INSERT INTO MUSICIAN_CD (MUSICIAN_FK, CD_FK) VALUES (1, 101);
INSERT INTO MUSICIAN_CD (MUSICIAN_FK, CD_FK) VALUES (2, 101);
INSERT INTO MUSICIAN_CD (MUSICIAN_FK, CD_FK) VALUES (1, 102);
INSERT INTO MUSICIAN_CD (MUSICIAN_FK, CD_FK) VALUES (2, 102);
INSERT INTO MUSICIAN_CD (MUSICIAN_FK, CD_FK) VALUES (1, 103);
INSERT INTO MUSICIAN_CD (MUSICIAN_FK, CD_FK) VALUES (2, 103);
INSERT INTO MUSICIAN_CD (MUSICIAN_FK, CD_FK) VALUES (1, 104);
INSERT INTO MUSICIAN_CD (MUSICIAN_FK, CD_FK) VALUES (2, 104);
